Constituency,DistrictEnglish,DistrictNepali,CandidateEnglish,CandidateNepali,Source,Title,URL,Snippet,Content,RelevanceScore,ScrapedAt
3,kathmandu,काठमाडौं,Kulman Ghising,कुलमान घिसिङ्,OnlineKhabar EN,Leadership is more important than ideology for the country’s development: Kulman Ghising,https://english.onlinekhabar.com/leadership-is-more-important-than-ideology-for-the-countrys-development-kulman-ghising.html,,"Leadership is more important than ideology for the country’s development: Kulman Ghising Onlinekhabar Wednesday, December 3, 2025 0 Comments Kathmandu, December 3 Energy Minister Kulman Ghising, the chief guest at the Ujyalo Nepal Party announcement event, said that leadership is more important than ideology when it comes to the country’s development. Reflecting on the 75 years since 2007 BS, he noted that although ideologies and systems have changed many times, Nepal has still not achieved economic development. He said the country has failed to progress because the right people were not chosen for leadership. “In 75 years, we witnessed many political changes. Our leaders succeeded in bringing political change, but they failed in leading an economic revolution,” he said. “Those who could deliver big speeches in politics consistently failed to lead development. No one practiced result-oriented politics.” He added that around 2007 BS, Nepal, India and China all underwent political changes, but in the 75 years since then, India and China achieved massive economic growth. “In 2007 BS, Nepal saw political change. India and China also experienced major political shifts. In 75 years, China has increased its GDP by 350 times and India by 150 times,” he said. “Nepal, however, has managed to grow only 75 times. This is where we fell behind.” React to this post Hot Topics election Sarlahi march 5 voting voter sushile karki Conversation New Old Popular Related News RSP–Ujyaalo Nepal unity collapses in just 12 Days 2 months ago Irregularities of Rs 430 million in power purchase: ‘Gen-Z Movement’ demands dismissal of Energy Minister Kulman Ghising 4 months ago Kulman Ghising assigned 3 ministries in Karki-led government 6 months ago Kulman Ghising calls for interim government with Gen-Z inclusion 6 months ago Supreme Court to hear Kulman Ghising’s petition on dismissal 11 months ago Kulman Ghising files petition to challenge unlawful dismissal 11 months ago Most Read A new test for Oli as Balen gains ground in Jhapa-5 Holi colours and skin health: Risks and precautions 481 licensed firearms handed to administration in Madhesh These documents are valid for voting without a voter ID card Only 11 parties, 1,670 candidates open bank accounts for house polls Subscribe to our newsletter Subscribe to Onlinekhabar English to get notified of exclusive news stories. Editor's Pick Economy Budget ceiling set lower for FY 2083/84 as government moves to curb overspending trend 2 weeks ago Editor's Pick Nepal’s election campaign gains pace but manifestos remain absent 1 month ago Editor's Pick Meet Sharda Kumari Paudel, first female principal of Nepal’s oldest school 3 months ago Editor's Pick Fearless and unbound Nepali youth make historic wheelchair bungee jump 3 months ago Food & beverage Know what are yomaris and learn how to cook them on your own 3 months ago Also Read Politics Election highlights: Rabi salutes ballot box, Hark escorts mother to vote 4 minutes ago Politics Sarlahi CDO says minor disputes settled, situation scross district better than expected 2 hours ago Politics Prime Minister Sushila Karki casts her vote 5 hours ago Politics Voting begins across Nepal for House of Representatives Elections 5 hours ago Politics Inside election preparations in Jhapa-5 (Photos) 19 hours ago",44.4,2026-03-05T14:53:25.674120
3,kathmandu,काठमाडौं,Kulman Ghising,कुलमान घिसिङ्,OnlineKhabar EN,Irregularities of Rs 430 million in power purchase: ‘Gen-Z Movement’ demands dismissal of Energy Minister Kulman Ghising,https://english.onlinekhabar.com/irregularities-of-rs-430-million-in-power-purchase-gen-z-movement-demands-dismissal-of-energy-minister-kulman-ghising.html,,"Irregularities of Rs 430 million in power purchase: ‘Gen-Z Movement’ demands dismissal of Energy Minister Kulman Ghising Onlinekhabar Wednesday, November 12, 2025 0 Comments Kathmandu, November 12 The ‘Gen-Z Movement’ has demanded the dismissal of Energy Minister Kulman Ghising, alleging irregularities worth Rs 430 million in a power purchase agreement with India’s PTC India Ltd. The movement claims that Minister Ghising was involved in the deal that caused a financial loss of Rs 430 million to Nepal. In a statement issued on Tuesday, Movement Spokesperson Bijay Sah said, “Energy Minister Kulman Ghising must be immediately dismissed and a case filed against him at the Commission for the Investigation of Abuse of Authority (CIAA). Nepal Electricity Authority Managing Director Manoj Silwal should be suspended and investigated under the Anti-Money Laundering Act. The Electricity Regulatory Commission must form an independent probe committee and make all power purchase agreements public.” The Gen-Z Movement has also demanded that those involved in the “anti-national agreement” be imprisoned and that the misused state funds be recovered through legal procedures. The movement is coordinated by Rabi Kiran Hamal. React to this post Hot Topics election Sarlahi march 5 voting voter sushile karki Conversation New Old Popular Related News RSP–Ujyaalo Nepal unity collapses in just 12 Days 2 months ago Leadership is more important than ideology for the country’s development: Kulman Ghising 3 months ago Kulman Ghising assigned 3 ministries in Karki-led government 6 months ago Kulman Ghising calls for interim government with Gen-Z inclusion 6 months ago Supreme Court to hear Kulman Ghising’s petition on dismissal 11 months ago Kulman Ghising files petition to challenge unlawful dismissal 11 months ago Most Read A new test for Oli as Balen gains ground in Jhapa-5 Holi colours and skin health: Risks and precautions 481 licensed firearms handed to administration in Madhesh These documents are valid for voting without a voter ID card Only 11 parties, 1,670 candidates open bank accounts for house polls Subscribe to our newsletter Subscribe to Onlinekhabar English to get notified of exclusive news stories. Editor's Pick Economy Budget ceiling set lower for FY 2083/84 as government moves to curb overspending trend 2 weeks ago Editor's Pick Nepal’s election campaign gains pace but manifestos remain absent 1 month ago Editor's Pick Meet Sharda Kumari Paudel, first female principal of Nepal’s oldest school 3 months ago Editor's Pick Fearless and unbound Nepali youth make historic wheelchair bungee jump 3 months ago Food & beverage Know what are yomaris and learn how to cook them on your own 3 months ago Also Read Politics Election highlights: Rabi salutes ballot box, Hark escorts mother to vote 4 minutes ago Politics Sarlahi CDO says minor disputes settled, situation scross district better than expected 2 hours ago Politics Prime Minister Sushila Karki casts her vote 5 hours ago Politics Voting begins across Nepal for House of Representatives Elections 5 hours ago Politics Inside election preparations in Jhapa-5 (Photos) 19 hours ago",40.99,2026-03-05T14:53:25.674132
3,kathmandu,काठमाडौं,Kulman Ghising,कुलमान घिसिङ्,OnlineKhabar EN,Kulman Ghising assigned 3 ministries in Karki-led government,https://english.onlinekhabar.com/kulman-ghising-assigned-3-ministries-in-karki-led-government.html,,"Kulman Ghising assigned 3 ministries in Karki-led government Onlinekhabar Monday, September 15, 2025 0 Comments Kathmandu, September 15 Kulman Ghising, who has built a reputation among the public for his effective management of the energy sector, has been entrusted with three ministries in the government led by Prime Minister Sushila Karki. The former executive director of the Nepal Electricity Authority will oversee the Ministry of Energy, Water Resources and Irrigation, the Ministry of Physical Infrastructure and Transport, and the Ministry of Urban Development. React to this post Hot Topics election Sarlahi march 5 voting voter sushile karki Conversation New Old Popular Related News RSP–Ujyaalo Nepal unity collapses in just 12 Days 2 months ago Leadership is more important than ideology for the country’s development: Kulman Ghising 3 months ago Irregularities of Rs 430 million in power purchase: ‘Gen-Z Movement’ demands dismissal of Energy Minister Kulman Ghising 4 months ago Kulman Ghising calls for interim government with Gen-Z inclusion 6 months ago Supreme Court to hear Kulman Ghising’s petition on dismissal 11 months ago Kulman Ghising files petition to challenge unlawful dismissal 11 months ago Most Read A new test for Oli as Balen gains ground in Jhapa-5 Holi colours and skin health: Risks and precautions 481 licensed firearms handed to administration in Madhesh These documents are valid for voting without a voter ID card Only 11 parties, 1,670 candidates open bank accounts for house polls Subscribe to our newsletter Subscribe to Onlinekhabar English to get notified of exclusive news stories. Editor's Pick Economy Budget ceiling set lower for FY 2083/84 as government moves to curb overspending trend 2 weeks ago Editor's Pick Nepal’s election campaign gains pace but manifestos remain absent 1 month ago Editor's Pick Meet Sharda Kumari Paudel, first female principal of Nepal’s oldest school 3 months ago Editor's Pick Fearless and unbound Nepali youth make historic wheelchair bungee jump 3 months ago Food & beverage Know what are yomaris and learn how to cook them on your own 3 months ago Also Read Politics Election highlights: Rabi salutes ballot box, Hark escorts mother to vote 4 minutes ago Politics Sarlahi CDO says minor disputes settled, situation scross district better than expected 2 hours ago Politics Prime Minister Sushila Karki casts her vote 5 hours ago Politics Voting begins across Nepal for House of Representatives Elections 5 hours ago Politics Inside election preparations in Jhapa-5 (Photos) 19 hours ago",40.4,2026-03-05T14:53:25.674133
3,kathmandu,काठमाडौं,Kulman Ghising,कुलमान घिसिङ्,OnlineKhabar EN,Kulman Ghising and Om Prakash Aryal join Gen Z funeral procession (Photos),https://english.onlinekhabar.com/kulman-ghising-and-om-prakash-aryal-join-gen-z-funeral-procession-photos.html,,"Kulman Ghising and Om Prakash Aryal join Gen Z funeral procession (Photos) Onlinekhabar Tuesday, September 16, 2025 0 Comments Kathmandu, September 16 Energy Minister Kulman Ghising and Home and Law Minister Om Prakash Aryal took part in the funeral procession of those who lost their lives during the Gen-Z protests. Ghising joined the procession from Gopikrishna Hall carrying the national flag, while Aryal joined from Chabahil Chowk draped in the national flag. Family members and relatives of the deceased have begun funeral rites with the procession. The bodies were taken out of Tribhuvan University Teaching Hospital and are being escorted through the Ring Road to Pashupati Aryaghat for cremation. Mourners carried photographs of the deceased along with national flags. Some covered themselves with cloth bearing the slogan, “How can the childless understand the dream of Gen-Z?” The government has declared those killed in the protests as martyrs, announced their cremation with national honors, and declared October 1 a public holiday to mark a National Mourning Day. Following these assurances, the families agreed to perform the final rites. The Gen-Z movement, sparked by protests against corruption and restrictions on social media, turned violent, leaving 72 people dead and more than 2,000 injured. Most of the deaths were from gunshot wounds, while some bodies were found charred. React to this post Hot Topics election Sarlahi march 5 voting voter sushile karki Conversation New Old Popular Related News Banstola’s funeral at Pashupati Aryaghat this afternoon 7 years ago Nepal govt, opposition send their representatives to Vajpayee’s funeral 8 years ago Most Read A new test for Oli as Balen gains ground in Jhapa-5 Holi colours and skin health: Risks and precautions 481 licensed firearms handed to administration in Madhesh These documents are valid for voting without a voter ID card Only 11 parties, 1,670 candidates open bank accounts for house polls Subscribe to our newsletter Subscribe to Onlinekhabar English to get notified of exclusive news stories. Editor's Pick Economy Budget ceiling set lower for FY 2083/84 as government moves to curb overspending trend 2 weeks ago Editor's Pick Nepal’s election campaign gains pace but manifestos remain absent 1 month ago Editor's Pick Meet Sharda Kumari Paudel, first female principal of Nepal’s oldest school 3 months ago Editor's Pick Fearless and unbound Nepali youth make historic wheelchair bungee jump 3 months ago Food & beverage Know what are yomaris and learn how to cook them on your own 3 months ago Also Read Politics Election highlights: Rabi salutes ballot box, Hark escorts mother to vote 4 minutes ago Politics Sarlahi CDO says minor disputes settled, situation scross district better than expected 2 hours ago Politics Prime Minister Sushila Karki casts her vote 5 hours ago Politics Voting begins across Nepal for House of Representatives Elections 5 hours ago Politics Inside election preparations in Jhapa-5 (Photos) 19 hours ago",35.49,2026-03-05T14:53:25.674135
3,kathmandu,काठमाडौं,Kulman Ghising,कुलमान घिसिङ्,DDG (ne2),कुलमान घिसिङ् :: Nepal Election 2082 | Thaha Khabar Candidate & Results Hub,https://election.thahakhabar.com/candidate-detail/1402,"प्रतिनिधिसभानिर्वाचन२०८२थाहाखबर होमपेज शुक्रबार, फागुन ८,२०८२चर्चित उम्मेद्वार राजनीतिक दल उम्मेदवार समाचार गृहपृष्ठ","प्रतिनिधिसभानिर्वाचन२०८२थाहाखबर होमपेज शुक्रबार, फागुन ८,२०८२चर्चित उम्मेद्वार राजनीतिक दल उम्मेदवार समाचार गृहपृष्ठ",33.0,2026-03-05T14:53:25.674136
3,kathmandu,काठमाडौं,Kulman Ghising,कुलमान घिसिङ्,DDG (ne2),कुलमान घिसिङ् :: Nepal Election 2082 | Baahrakhari Candidate & Results Hub,https://election.baahrakhari.com/candidate-detail/1402,वाग्मती जिल्ला (District)काठमाडौंनिर्वाचनक्षेत्र (Constituency):काठमाडौं- ३काठमाडौं- ३ का अन्य उमेदवारहरु,वाग्मती जिल्ला (District)काठमाडौंनिर्वाचनक्षेत्र (Constituency):काठमाडौं- ३काठमाडौं- ३ का अन्य उमेदवारहरु,26.0,2026-03-05T14:53:25.674138
3,kathmandu,काठमाडौं,Kulman Ghising,कुलमान घिसिङ्,DDG (en1),Kulman Ghising - Ujjyalo Nepal Party Candidate for Kathmandu ...,https://youthsforum.com/election/ujjyalo-nepal-party/kulman-ghising/,"KulmanGhising: Biography, Education, and Political JourneyKulmanGhisingis a parliamentarycandidaterepresenting UjjyaloNepalParty in theNepalParliamentElection2082. He is contesting fromKathmanduConstituency-3 in Bagmati Province, bringing his vision and experience to serve the people of this region.","KulmanGhising: Biography, Education, and Political JourneyKulmanGhisingis a parliamentarycandidaterepresenting UjjyaloNepalParty in theNepalParliamentElection2082. He is contesting fromKathmanduConstituency-3 in Bagmati Province, bringing his vision and experience to serve the people of this region.",24.0,2026-03-05T14:53:25.674140
3,kathmandu,काठमाडौं,Kulman Ghising,कुलमान घिसिङ्,DDG (en1),Kulman Ghising has registered his candidacy from Kathmandu-3,https://www.spotlightnepal.com/2026/01/20/kulman-ghising-has-registered-his-candidacy-from-kathmandu3/,"The chairperson of the UjyaloNepalParty,KulmanGhising, has filed his candidacy. He registered his candidacy fromKathmanduConstituency No. 3 for theelectionof a Member of the House of Representatives to be held on Falgun 21.","The chairperson of the UjyaloNepalParty,KulmanGhising, has filed his candidacy. He registered his candidacy fromKathmanduConstituency No. 3 for theelectionof a Member of the House of Representatives to be held on Falgun 21.",23.0,2026-03-05T14:53:25.674141
3,kathmandu,काठमाडौं,Kulman Ghising,कुलमान घिसिङ्,DDG (ne1),कुलमान घिसिङ् - उज्यालो नेपाल पार्टी | 2082 निर्वाचन,https://election.hamropatro.com/2082/candidate/340200,"कुलमानघिसिङ्, उज्यालो नेपाल पार्टीका उम्मेदवार। काठमाडौं, बागमती प्रदेशबाट 2082 प्रतिनिधि सभा निर्वाचनमा प्रतिस्पर्धा। 0 मत ...","कुलमानघिसिङ्, उज्यालो नेपाल पार्टीका उम्मेदवार। काठमाडौं, बागमती प्रदेशबाट 2082 प्रतिनिधि सभा निर्वाचनमा प्रतिस्पर्धा। 0 मत ...",21.0,2026-03-05T14:53:25.674142
3,kathmandu,काठमाडौं,Kulman Ghising,कुलमान घिसिङ्,DDG (en1),Kulman Ghising Ujyaalo Nepal Party: Candidacy from Kathmandu,https://ictframe.com/kulman-ghising-ujyaalo-nepal-party/,"KulmanGhisingUjyaaloNepalAccording to Kumarraj Subedi, a central member of the party and coordinator of the constituencyelectionmobilization committee,Ghisinggathered with a large group of supporters at Jorpati Chowk at noon on Tuesday.","KulmanGhisingUjyaaloNepalAccording to Kumarraj Subedi, a central member of the party and coordinator of the constituencyelectionmobilization committee,Ghisinggathered with a large group of supporters at Jorpati Chowk at noon on Tuesday.",16.0,2026-03-05T14:53:25.674144
3,kathmandu,काठमाडौं,Kulman Ghising,कुलमान घिसिङ्,DDG (en1),"The Man Who Ended Blackouts: Who Is Kulman Ghising, Now ... - News18",https://www.news18.com/world/the-man-who-ended-blackouts-who-is-kulman-ghising-now-frontrunner-for-nepals-interim-pm-ws-l-9565317.html,"KulmanGhisingemerges asNepal'stop interim leadercandidateafter KP Sharma Oli's resignation, amid Gen Z-led protests andKathmanduValley curfews.","KulmanGhisingemerges asNepal'stop interim leadercandidateafter KP Sharma Oli's resignation, amid Gen Z-led protests andKathmanduValley curfews.",13.0,2026-03-05T14:53:25.674145
3,kathmandu,काठमाडौं,Kulman Ghising,कुलमान घिसिङ्,Nepali Times,Nepalis Select Who To Elect,https://www.nepalitimes.com/news/nepalis-select-who-to-elect,,"Nepalis Select Who To Elect It is a partial poll when a quarter of the eligible electorate cannot vote? 27 February 2026 Sonia Awale 0 Photo: NT ARCHIVES Of the nearly 19 million eligible voters in next week’s election in Nepal, an estimated 5 million are abroad and cannot cast their ballots. Many others within Nepal must travel to their home districts, and might decide not to because of the cost. Flights into Kathmandu these days are full of global Nepalis returning just to vote, but almost as many are leaving for overseas jobs. Most of those coming or going are in the 20-40 age group, and a majority want Nepal to see a change in leadership. Bangladesh held an election this month in which citizens overseas could vote by mail. “Bangladesh made maximum use of technology not just for campaigning but also for polling itself. We could have also managed this, so people within Nepal did not have to travel to their home districts to vote,” says Mohna Ansari, former head of Nepal’s National Human Rights Commission who was an election observer in Bangladesh. A 3-day holiday has been declared so people can travel to their home constituencies to cast ballots. Even if there was not enough time to manage ballots for overseas Nepalis, it could have been done for Nepalis within Nepal. Former Chief Election Commissioner Bhojraj Pokharel reckons that physical voting in countries with a large Nepali diaspora would have been a logistical nightmare, but in the PR system, using electronic voting machines or paper ballot could have been piloted in some places. It is not possible to manage the entire voting process until we introduce the internet voting system. “First of all, there needs to be political will to bring the policy and be ready to undertake that level of investment and it is not a one-time cost,” Pokharel says. “A government formed by the GenZ could have atr least issed an ordinance ensuring this right, piloted out-of-country voting where possible, which could have built pressure for the future Parliament and the government. It would have given people hope. It is a lost opportunity.” All major political parties called for voting rights for global Nepalis in their manifestos, but these very leaders blocked legislation allowing it despite a 2017 Supreme Court ruling out of fear that it would be anti-incumbent. Why so late? Bangladesh delivered election results in just one day, but the final results of Nepal's last local polls in 2022 including that of Kathmandu constituencies took nearly a month. Acting Chief Election Commissioner Ram Prasad Bhandari said this week that the results of the First-Past-The-Post (FPTP) ballot counting would “likely” be published within 24 hours of the poll closing at 5PM on 5 March. But many are skeptical. “I wonder if we lack the capacity or know-how to announce results as quickly as possible,” says Mohna Ansari. Former Chief Election Commissioner Pokharel says manual ballot paper counting in Nepal is inherently slow because of the large numner of political parties and/or candidates on the ballot, the counting mechanism, the political behaviour of the candidates/parties and some managerial issues during counting. “Our present policy is to count all the ballot papers at the returning officers' officies, located at the district headquarters. It requires collecting ballot boxes safetly first. This takes time, and there have been cases of ballot boxes being damaged or stolen during transport. In a few highly difficult, geographically remote polling centres, we use a helicopter or transport. But sometimes, accommodating the party and candidates' representatives remains challenging,” explains Pokharel. A solution could be counting ballots at the very booths where they are cast. Another reason for the delay is simply the number of political parties, and the need for each ballot paper to be examined by booth representatives for consensus. In close races, the smallest difference can lead to tense situations, further delaying results, even though counting centres are protected by metal fencing so there is no disruption. After this, then it is the turn of Proportional Representation (PR) ballots to be counted. Weeks pass by the time the results of candidates and parties are tallied and verified. But the most common delay is because election officers think ballot counting is a nine-to-five job. “The efficiency of poll station officers is most important, and they are incentivised for this,” says Ansari, adding that counting can even start within an hour after voting closes. In remote areas, local resources could be mobilised to make counting quicker, but there is a crisis of trust, adds Ansari. That could be easily solved with electronic voting which the EC implemented in the 2008 polls but discontinued because political parties felt the machines could be hacked or manipulated. Sonia Awale writer Sonia Awale is the Editor of Nepali Times where she also serves as the health, science and environment cor",7.2,2026-03-05T14:53:25.674147
3,kathmandu,काठमाडौं,Kulman Ghising,कुलमान घिसिङ्,Reddit/r/Nepal,[r/Nepal] Why isnt kulman being seriously considered for PM?,https://www.reddit.com/r/Nepal/comments/1qmcn9z/why_isnt_kulman_being_seriously_considered_for_pm/,↑0  💬47,"Kulman Ghising and Ujyalo Nepal party are contesting in the election, but no one seems to bring them up during PM discussions, even though Kulman Ghising seems like a much better candidate than Balen.

It was dumb move to leave RaSaPA .  Kulman is probably compromised because he must have had  to do a lot of favours to existing parties , energy sector is lucrative , messy .
---
Bolne ko pitho bikxa vaneko jastai ho kulman ko situation

He lacks the charisma to grab public attention.
---
Well he is not a media guy.
---
k yogyata xa usko? balen jasto famous xa? followers kati xa usko, PM banne criteria pugne jati xa followers ? Kulman ta manxe ho, hamilai Bhagawan chaiyeko ho PM. 🤡
---
Khoi. I would have voted for him. IT cell hire garenan saayad.
---
I like Kulman but I think what happened is that he wanted to bring a lot of his  people into RSP and give them prominent roles including election tickets and RSP wasn't ready to do that. Now kulman is in huge trouble, media landscape is against him. He may win but most people don't know or even care about his UNP, samanupatik ni arkai party ko use garya cha. 

He has absolutely no chance to be PM and isn't even in conversation right now, Harka's party may get more votes than him.
---
Ujyalo nepal le euta seat jitna ta garo xa.",5.84,2026-03-05T14:53:25.674148
3,kathmandu,काठमाडौं,Kulman Ghising,कुलमान घिसिङ्,Reddit/r/Nepal,"[r/Nepal] My analysis on Rastriya Swatantra Party, Balen and more",https://www.reddit.com/r/Nepal/comments/1q1tshc/my_analysis_on_rastriya_swatantra_party_balen_and/,↑4  💬23,"PLEASE READ THE WHOLE POST FIRST, I AM HAPPY TO CHANGE MY VIEWS IF ANYONE CAN DO SO WITH PROPER REASONING!

I also belong to the gen-z group. But unlike most of them, I have been interested in politics for quite some time now. So here's my analysis. 

The failure of gen z movement is because of a few things: 1) naiveness, 2) no leader, 3) no aftermath plan. I see the same pattern in RSP election strategy.

It seems RSP are going all in for this election, bringing all people with certain followers base to their party, giving SAMANUPATIK seats to already influential people and all. And here's the problem. RSP should be focusing on every election from now on, but they are only focusing on this election. What I mean is RSP currently lacks a vision. They know that they want to change the current establishment, but it seems they don't know what to do after that(same naiveness that genz movement followed, kp oli lai nikalnu xa sabai lai thaxa, tespaxi k garne kasailai thaxaina).

My 2nd point is that, everyone who knows politics should know how hard it is to earn enough votes for alternative parties to earn fame. Kulman ghising's party ""UJYAALO PARTY NEPAL"" is also such an alternative party. Everyone knows kulman ghishing as the face of the party, but how many of us know other members? Pretty much none tbh. Just face value alone will not have earned UPN enough seats in the election, and still RSP decided to give 17% samanupatik share to his members(I saw this news on Facebook so idk the credibility but I think it said 17% share). This further shows the desperation and lack of vision of RSP. 

3rd point, BALEN: I capitalised his name since lots of people would be interested in this point. Here's the thing, in any sort of negotiation, you never give the opposite party the top-most pedestal. But RSP decided to give Balen the PM candidate post. And that's pretty absurd. Analysing everything, it is very probable that Balens negotiating side was the one who offered the deal. Idk if RSP would have agreed. 
What is the problem in this? You may ask. The problem is that: anyone who fights for the throne and not for the people, is already a future victim to the game of power. One who sits on the throne does not control it, instead, the throne controls him/her. The problem with this is that Balen is not really the best candidate tbh, and it's clear as day that RSP is doing this for only one purpose. And this also further supports my reasoning that they don't have any fixed vision after the election.

4th point: RSP clearly has no internal unity. It's just another typical party in the making. Swear on me, scold me, call me foolish, but I promise you will remember this very post at a certain time in the future, and everything will start making sense. 

The change that was needed was not a change in face, but the change in approach of doing things. The alternative parties have already failed that. 

NOTE: DESH BIKAS GARNU XA IS NOT VISION, ITS JUST SOMETHING EVERYONE SAYS.

And now for the advice, let me capitalise it so that people may read it:

ADVICE(IF I MAY) FOR SOMEONE WHO IS IN REDDIT AS WELL AS RSP:
We need to realize that Prachanda(whom we call murderer today) was also hailed as a revolutionary a couple decades ago. We need to realize that Sher Bahadur Deuba, whose voice we make so fun of, lost his ability to speak clearly in one of the protests(the same protest done for the freedom of people). And the man we hate so much today(KP Oli) was also the same man who gave a significant portion of life to Nepali politics.

What I mean is that once someone incapable sits on the throne, they spiral downwards, causing the irreversible damage to their society.

So if you're involved in alternative politics, make sure that the leaders have themselves surrounded with proper advisors. And make sure to keep them accountable from start. The game of power and politics is a game that millions have played, and only a few have passed.

Open to debates. Currently working on a certain project so reply may take about 1 day.

Sab kura thik xa:
Etti bujeko xu ki kunai pani desh aile samma,lemme repeat AILE SAMME kunai party le garda bikash bhako xaina.
Ambition le bhako xa,Europe kina developed xa bhanda they had healthy competition with each other before.
Eg:Germany and UK had beef with each other so they put everything in their science and techlogy field,US and USSR during Cold War,Koreas,Japan,SaudiA and many countries had to progress to show its international strength and compete with its rival more or less enemy.And hamro competitor ko ho ta?
And here we wanna be small cozy dick between India and China and kasari hunxa desh bikas?
Bhutro ni hudaina so yo psychology ra policy change ma bhaye samma…nah I see no chance.
---
The beehive has decided its queen brother. It is no use talking anymore but I appreciate your viewpoint.
---
You have a point.
---
Finally, atleast someone dared to speak the truth.
---
When it began, it was supposed to be",5.7,2026-03-05T14:53:25.674149
3,kathmandu,काठमाडौं,Kulman Ghising,कुलमान घिसिङ्,Ratopati,एमाले उम्मेदवार नेम्वाङले गरे मतदान,https://www.ratopati.com/story/548133/uml-candidate-nembang-casts-his-vote,,"एमाले उम्मेदवार नेम्वाङले गरे मतदान रातोपाटी संवाददाता बिहीबार, २१ फागुन २०८२, १० : ४४ रातोपाटी संवाददाता बिहीबार, २१ फागुन २०८२ काठमाडौँ । इलाम–२ बाट प्रतिनिधिसभा सदस्य पदको उम्मेदवार सुहाङ नेम्वाङले मतदान गरेका छन् । उनले मरब क्याम्पस इलाम मतदान केन्द्रबाट मतदान गरेका हुन् । एमाले उम्मेदवार नेम्वाङले गरे मतदान खबर पढेर तपाईलाई कस्तो महसुस भयो ? प्रतिक्रिया लेखकको बारेमा रातोपाटी संवाददाता ‘सबैको, सबैभन्दा राम्रो’ रातोपाटी डटकम। लेखकबाट थप भर्खरै तनहुँमा किरियापुत्रीद्वारा मतदान नुवाकोटमा दुई ठाउँबाट मतगणना हुने तस्बिरमा हेर्नुहोस् भक्तपुर बहुमुखी क्याम्पसको मतदान चितवनमा अहिलेसम्म ४५ प्रतिशत मतदान पहिलो पटक मत दिनेहरू भन्छन्– ‘हाम्रो भोट खेर जाँदैन’ कास्कीमा दिउँसो २ बजेसम्म ४३ प्रतिशत मत खस्यो, महिलाको सहभागिता उच्च ट्रेन्डिङ १. मतदान केन्द्रमा खटिएका कर्मचारी नै पक्राउ परेपछि... २. गन्तव्यमा नपुगी किन फर्कियो बालेन सवार हेलिकप्टर ? ३. बालेन चढेको हेलिकप्टर झापामा ल्यान्ड गरेन, काठमाडौँ फर्कँदै ४. श्रीलंका नजिकै इरानी युद्धपोतमा अमेरिकी आक्रमण, ८० नौसैनिकको मृत्यु ५. बुटवलमा पैसा बाँडेको आरोपमा एमाले र रास्वपाका कार्यकर्ताबिच झडप ६. कर्मचारीमाथि हातपात गर्न खोजेपछि दोलखामा हवाई फायर ७. चुनावमा खटिएका १२ जना सुरक्षाकर्मी र दुई मतदान अधिकृतको मृत्यु ८. राष्ट्रिय सुरक्षा परिषद्को बैठकले के गर्‍याे निर्णय ? छुटाउनुभयो कि ? निर्वाचन बहिष्कार गर्दै आन्दोलनको घोषणा प्रतिनिधि सभा उम्मेदवारले नै पार्टी छाडेपछि... प्रतिनिधि सभा उम्मेदवार पौडेलले फिर्ता लिए उम्मेदवारी रास्वपा र एमालेका कार्यकर्ताबिच झडप, २ जना घाइते धादिङमा बस दुर्घटना: १७ जनाको मृत्यु, २४ घाइते गौर झडप : ३ गाडी र दुई मोटरसाइकलमा आगजनी धादिङ बस दुर्घटनाः मृत्यु भएका १९ मध्ये ९ जनाको सनाखत (नामावलीसहित) बालेनलाई कारबाहीसहित नागरिकता रद्दको माग गर्दै गृह मन्त्रालयमा उजुरी",5.7,2026-03-05T14:53:25.674151
3,kathmandu,काठमाडौं,Kulman Ghising,कुलमान घिसिङ्,DDG (en1),Kathmandu District Constituency No. 3 Becomes a Center of Attraction in ...,https://www.osnepalnews.com/kathmandu-3-election-kulman-ghising,"DateTime.Kathmandu. As the House of Representativeselectionsapproach,KathmanduConstituency No. 3 has become a special center of interest this time. The presence of high-profilecandidatessuggests that the electoral competition in this region will be very interesting. In particular, with the entry ofKulmanGhising, who has filed his candidacy from the UjyaaloNepalParty, the electoral ...","DateTime.Kathmandu. As the House of Representativeselectionsapproach,KathmanduConstituency No. 3 has become a special center of interest this time. The presence of high-profilecandidatessuggests that the electoral competition in this region will be very interesting. In particular, with the entry ofKulmanGhising, who has filed his candidacy from the UjyaaloNepalParty, the electoral ...",5.1,2026-03-05T14:53:25.674152
3,kathmandu,काठमाडौं,Kulman Ghising,कुलमान घिसिङ्,Ratopati,कांग्रेस नेता डा.कोइरालाद्वारा मतदान,https://www.ratopati.com/story/548169/congress-leader-dr-koirala-casts-his-vote,,"कांग्रेस नेता डा.कोइरालाद्वारा मतदान रासस बिहीबार, २१ फागुन २०८२, १२ : ११ फाइल तस्बिर रासस बिहीबार, २१ फागुन २०८२ मोरङ ।  नेपाली कांग्रेसका डा.शेखर कोइरालाले विराटनगर महानगरपालिका–७ स्थित आदर्श माविमा रहेको मतदान केन्द्रबाट मतदान गरेका छन् । मोरङ क्षेत्र नं ६ का उम्मेदवारसमेत रहनुभएका डा शेखर कोइरालाले मतदानपछि पत्रकारसँग संक्षिप्त कुराकानी गर्दै सबैको आपसी सहकार्य र समन्वयबाट मुलुक निर्माणमा लाग्नुपर्ने धारणा राखे । डा.शेखर कोइराला खबर पढेर तपाईलाई कस्तो महसुस भयो ? प्रतिक्रिया लेखकको बारेमा रासस राष्ट्रिय समाचार समिति नेपालकाे  सरकारी समाचार संस्था हाे । लेखकबाट थप भर्खरै तनहुँमा किरियापुत्रीद्वारा मतदान नुवाकोटमा दुई ठाउँबाट मतगणना हुने तस्बिरमा हेर्नुहोस् भक्तपुर बहुमुखी क्याम्पसको मतदान चितवनमा अहिलेसम्म ४५ प्रतिशत मतदान पहिलो पटक मत दिनेहरू भन्छन्– ‘हाम्रो भोट खेर जाँदैन’ कास्कीमा दिउँसो २ बजेसम्म ४३ प्रतिशत मत खस्यो, महिलाको सहभागिता उच्च ट्रेन्डिङ १. मतदान केन्द्रमा खटिएका कर्मचारी नै पक्राउ परेपछि... २. गन्तव्यमा नपुगी किन फर्कियो बालेन सवार हेलिकप्टर ? ३. बालेन चढेको हेलिकप्टर झापामा ल्यान्ड गरेन, काठमाडौँ फर्कँदै ४. श्रीलंका नजिकै इरानी युद्धपोतमा अमेरिकी आक्रमण, ८० नौसैनिकको मृत्यु ५. बुटवलमा पैसा बाँडेको आरोपमा एमाले र रास्वपाका कार्यकर्ताबिच झडप ६. कर्मचारीमाथि हातपात गर्न खोजेपछि दोलखामा हवाई फायर ७. चुनावमा खटिएका १२ जना सुरक्षाकर्मी र दुई मतदान अधिकृतको मृत्यु ८. राष्ट्रिय सुरक्षा परिषद्को बैठकले के गर्‍याे निर्णय ? छुटाउनुभयो कि ? निर्वाचन बहिष्कार गर्दै आन्दोलनको घोषणा प्रतिनिधि सभा उम्मेदवारले नै पार्टी छाडेपछि... प्रतिनिधि सभा उम्मेदवार पौडेलले फिर्ता लिए उम्मेदवारी रास्वपा र एमालेका कार्यकर्ताबिच झडप, २ जना घाइते धादिङमा बस दुर्घटना: १७ जनाको मृत्यु, २४ घाइते गौर झडप : ३ गाडी र दुई मोटरसाइकलमा आगजनी धादिङ बस दुर्घटनाः मृत्यु भएका १९ मध्ये ९ जनाको सनाखत (नामावलीसहित) बालेनलाई कारबाहीसहित नागरिकता रद्दको माग गर्दै गृह मन्त्रालयमा उजुरी",5.1,2026-03-05T14:53:25.674153
3,kathmandu,काठमाडौं,Kulman Ghising,कुलमान घिसिङ्,Reddit/r/Nepal,[r/Nepal] Where Is Sumana Shrestha Currently?,https://www.reddit.com/r/Nepal/comments/1pwog5v/where_is_sumana_shrestha_currently/,↑23  💬10,"She is one of the more promising political figures out there. How is she planning for the upcoming election? . Yes, she did leave RSP for her own reasons, which I think were valid. Let’s not get into that again.

I got the sense that she might be joining Kulman Ghising, since she was present at the launch of his party, Ujyalo Nepal. That makes it seem like a real possibility. She has also been teaming up with Sagar Dhakal recently. They even posted a video urging young people to come forward and participate.

I checked the news as well as her social media, and she is quite active right now, especially around discussions related to elections. She has been vocal about election reforms, such as allowing Nepalis living abroad to vote from their host countries and making it easier for people in remote areas to vote. She seems to be actively working on these issues, attending meetings and discussions.

So yes, she is active, but I am curious about how exactly she is preparing for the election and which party she plans to represent.

I also read on Onlinekhabar that Balen, Kulman, and Rabi might officially announce their collaboration today after signing some papers. If that happens, I assume Sumana’s and Sagar’s plans will also become clearer afterward. So let’s see how it goes.

Don't know much but sumana shrestha is one person who i think is badly needed in nepalese politics right now especially for education reforms. Another i think is sishir khanal both can do really wonders in eduaction sector. Last time i saw her in ujjalyo nepal party. She was attending there. So i guess jana sakxa ujjalyo nepal ma rsp ma return garyo vani bekar ma opportunist ko aroop lagxa. So backfoot mai baseko ramro.
---
She has good insights and vision about policies and reforms in the educational sector Tara hamro desh ma election jitna lai ta populist hunuparxa . Logical grounded Kura garne manxe lai kasaile manparaudainan. Nayak movie ko Anil Kapoor chainxa sabailai . Plus , afno party ma huda sabai vanda ramro sabai vanda janne afno party xodne bittikai manpari gaali garne ta Nepali Janta ko baani xadaixa .
---
She made a ""heat of the moment"" decision and has devolved into irrelevancy. She did great stuff as minister and MP but she is not irreplaceable. Shishir Khanal would do a better job as education minister (but that is yet to be seen). I applaud her work in awareness raising for diaspora and intra-district voting. I hope RSP makes space for her so she can come back. She could work as VC for a university, for example. People should not be punished for a mistake they made at the spur of the moment. The RSP gave her the best platform and gave her the name recognition that she would not have got anywhere else.
---
Sumana gaye kei xna RSP ma hidden gem Swarnim Wagle hunuhuncha!! Social media ma popular matra bhayera nahuney raicha
---
This guy is posting the same things across communities",4.5,2026-03-05T14:53:25.674155
3,kathmandu,काठमाडौं,Kulman Ghising,कुलमान घिसिङ्,Ratopati,"उदयपुरमा मोटरसाइकल रुखमा ठोक्किँदा एकको मृत्यु, दुई जना गम्भीर घाइते",https://www.ratopati.com/story/548190/one-dead-two-seriously-injured-after-motorcycle-crashes-into-tree-in-udayapur,,"उदयपुरमा मोटरसाइकल रुखमा ठोक्किँदा एकको मृत्यु, दुई जना गम्भीर घाइते रातोपाटी संवाददाता बिहीबार, २१ फागुन २०८२, १२ : ५१ रातोपाटी संवाददाता बिहीबार, २१ फागुन २०८२ सारांश उदयपुरको चौदण्डीगढीमा मोटरसाइकल दुर्घटना हुँदा एक जनाको मृत्यु भएको छ। दुर्घटनामा दुई जना गम्भीर घाइते भएका छन् र उनीहरूको विराटनगरमा उपचार भइरहेको छ। प्रहरीले घटनाको अनुसन्धान गरिरहेको छ, तीव्र गति र तीन जना सवार हुनु दुर्घटनाको कारण हुनसक्ने अनुमान छ। उदयपुर । उदयपुरको चौदण्डीगढी नगरपालिकामा आज बिहान मोटरसाइकल दुर्घटना हुँदा एक जनाको मृत्यु भएको छ भने दुई जना गम्भीर घाइते भएका छन् । मदन भण्डारी लोकमार्ग अन्तर्गत चौदण्डीगढी नगरपालिका वडा नं। १० भिमा खण्डमा गाईघाटबाट बेल्टारतर्फ जाँदै गरेको प्र.०१-०५-००२ प १८२७ नम्बरको मोटरसाइकल अनियन्त्रित भई दुर्घटना भएको हो । तीव्र गतिमा रहेको मोटरसाइकल सडकको उत्तरतर्फ रहेको सखुवाको रुखमा ठोक्किँदा मोटरसाइकल चालक चौदण्डीगढी नगरपालिका–५ सिवाई बस्ने १८ वर्षीय समिर चौधरीको मृत्यु भएको प्रहरीले जनाएको छ । दुर्घटनामा गम्भीर घाइते भएका चौधरीलाई तत्काल उद्धार गरी नगर अस्पताल बेल्टार लगिएकोमा अस्पताल पुर्‍याउनासाथ चिकित्सकले मृत घोषणा गरेका थिए । सोही दुर्घटनामा परी मोटरसाइकलमा सवार अन्य दुई जना गम्भीर घाइते भएका छन् । घाइते हुनेहरूमा चौदण्डीगढी–५ सिवाई बस्ने १८ वर्षीय मौसम चौधरी र सोही ठाउँका २३ वर्षीय अशोक चौधरी रहेका छन् । घाइते दुवै जनालाई नगर अस्पतालमा सामान्य उपचारपछि थप उपचारका लागि विराटनगरस्थित सुविधा सम्पन्न अस्पतालमा रेफर गरिएको छ । बिहान करिब ११:०० बजे भएको उक्त दुर्घटनाको विषयमा इलाका प्रहरी कार्यालय बेल्टारबाट खटिएको प्रहरी टोलीले थप अनुसन्धान गरिरहेको जनाएको छ । एउटै मोटरसाइकलमा तीन जना सवार रहेकाले अनियन्त्रित भई दुर्घटना भएको हुनसक्ने प्रारम्भिक अनुमान गरिएको छ । घाइते मोटरसाइकल दुर्घटना उदयपुर दुर्घटना खबर पढेर तपाईलाई कस्तो महसुस भयो ? प्रतिक्रिया लेखकको बारेमा रातोपाटी संवाददाता ‘सबैको, सबैभन्दा राम्रो’ रातोपाटी डटकम। लेखकबाट थप भर्खरै तनहुँमा किरियापुत्रीद्वारा मतदान नुवाकोटमा दुई ठाउँबाट मतगणना हुने तस्बिरमा हेर्नुहोस् भक्तपुर बहुमुखी क्याम्पसको मतदान चितवनमा अहिलेसम्म ४५ प्रतिशत मतदान पहिलो पटक मत दिनेहरू भन्छन्– ‘हाम्रो भोट खेर जाँदैन’ कास्कीमा दिउँसो २ बजेसम्म ४३ प्रतिशत मत खस्यो, महिलाको सहभागिता उच्च ट्रेन्डिङ १. मतदान केन्द्रमा खटिएका कर्मचारी नै पक्राउ परेपछि... २. गन्तव्यमा नपुगी किन फर्कियो बालेन सवार हेलिकप्टर ? ३. बालेन चढेको हेलिकप्टर झापामा ल्यान्ड गरेन, काठमाडौँ फर्कँदै ४. श्रीलंका नजिकै इरानी युद्धपोतमा अमेरिकी आक्रमण, ८० नौसैनिकको मृत्यु ५. बुटवलमा पैसा बाँडेको आरोपमा एमाले र रास्वपाका कार्यकर्ताबिच झडप ६. कर्मचारीमाथि हातपात गर्न खोजेपछि दोलखामा हवाई फायर ७. चुनावमा खटिएका १२ जना सुरक्षाकर्मी र दुई मतदान अधिकृतको मृत्यु ८. राष्ट्रिय सुरक्षा परिषद्को बैठकले के गर्‍याे निर्णय ? छुटाउनुभयो कि ? निर्वाचन बहिष्कार गर्दै आन्दोलनको घोषणा प्रतिनिधि सभा उम्मेदवारले नै पार्टी छाडेपछि... प्रतिनिधि सभा उम्मेदवार पौडेलले फिर्ता लिए उम्मेदवारी रास्वपा र एमालेका कार्यकर्ताबिच झडप, २ जना घाइते धादिङमा बस दुर्घटना: १७ जनाको मृत्यु, २४ घाइते गौर झडप : ३ गाडी र दुई मोटरसाइकलमा आगजनी धादिङ बस दुर्घटनाः मृत्यु भएका १९ मध्ये ९ जनाको सनाखत (नामावलीसहित) बालेनलाई कारबाहीसहित नागरिकता रद्दको माग गर्दै गृह मन्त्रालयमा उजुरी",4.5,2026-03-05T14:53:25.674156
3,kathmandu,काठमाडौं,Kulman Ghising,कुलमान घिसिङ्,Ratopati,ओखलढुंगाको मानेभन्ज्याङका मतदाताले गरेनन् मतदान,https://www.ratopati.com/story/548144/voters-in-manebhanjyang-okhaldhunga-did-not-vote,,"ओखलढुंगाको मानेभन्ज्याङका मतदाताले गरेनन् मतदान रातोपाटी संवाददाता बिहीबार, २१ फागुन २०८२, ११ : १९ रातोपाटी संवाददाता बिहीबार, २१ फागुन २०८२ सारांश ओखलढुंगाको टोक्सेलस्थित मतदान केन्द्रका मतदाताहरूले मतदान बहिष्कार गरेका छन्। स्थानीयहरू प्रदेश सरकारले अस्पताल नबनाएको विरोधमा नो भोटमा उत्रिएका थिए। मुख्य निर्वाचन अधिकृतका अनुसार उक्त मतदान केन्द्रमा ७०१ मतदाता रहेका थिए। काठमाडौँ । ओखलढुंगाको एक मतदान केन्द्रका मतदाताहरुले मतदान बहिस्कार गरेका छन् । जिल्लाको मानेभञ्ज्याङ गाउँपालिका–७ को टोक्सेलस्थित मतदान केन्द्रमा मतदाताहरू मतादनमा सहभागी नभएको मुख्य निर्वाचन अधिकृत हरिप्रसाद कोइरालाले जानकारी दिए । स्थानीयले मत नहालेको खबरपछि आफू उक्त मतदान केन्द्र पुग्दा कोही पनि मतदाता उपस्थित नभएको पाइएको मुख्य निर्वाचन अधिकृत कोइरालाले बताए । ‘त्यहाँका मतदाता नो भोटमा उत्रिएको पाइयो । यो जानकारी आयोगका कार्यवहाक प्रमुख निर्वाचन आयुक्तलाई जानकारी गराइसकेको छु’, कोइरालाले रातोपाटीसँग भने । ‘जनप्रतिनिधिहरू गएर मुचुल्का गरिदिनुभएको छ । कर्मचारीहररू बसिरहनुभएको छ । भरे बेलुकासम्म कर्मचारीहररूको समानुपातिक जति भोट खस्छ त्यही मुचुल्का उठाएर पठाउँछौ’, मुख्य निर्वाचन अधिकृत कोइरालाले भने । मानेभञ्ज्याङ गाउँपालिकाका अध्यक्ष ज्ञानेन्द्र रूम्दालीले उक्त मतदान केन्द्रमा ७०१ जना मतदाता रहे पनि कोही पनि मतदानमा सहभागी नभएको बताए । उनका अनुसार प्रदेश सरकारले त्यस क्षेत्रमा प्रादेशिक अस्पताल बनाउने भने पनि काम सुरू नगरेको भन्दै स्थानीयहरू विरोधमा उत्रिएर मतदानमा सहभागी नभएको बताए । मतदान बहिस्कार ओखलढुंगा खबर पढेर तपाईलाई कस्तो महसुस भयो ? प्रतिक्रिया लेखकको बारेमा रातोपाटी संवाददाता ‘सबैको, सबैभन्दा राम्रो’ रातोपाटी डटकम। लेखकबाट थप भर्खरै तनहुँमा किरियापुत्रीद्वारा मतदान नुवाकोटमा दुई ठाउँबाट मतगणना हुने तस्बिरमा हेर्नुहोस् भक्तपुर बहुमुखी क्याम्पसको मतदान चितवनमा अहिलेसम्म ४५ प्रतिशत मतदान पहिलो पटक मत दिनेहरू भन्छन्– ‘हाम्रो भोट खेर जाँदैन’ कास्कीमा दिउँसो २ बजेसम्म ४३ प्रतिशत मत खस्यो, महिलाको सहभागिता उच्च ट्रेन्डिङ १. मतदान केन्द्रमा खटिएका कर्मचारी नै पक्राउ परेपछि... २. गन्तव्यमा नपुगी किन फर्कियो बालेन सवार हेलिकप्टर ? ३. बालेन चढेको हेलिकप्टर झापामा ल्यान्ड गरेन, काठमाडौँ फर्कँदै ४. श्रीलंका नजिकै इरानी युद्धपोतमा अमेरिकी आक्रमण, ८० नौसैनिकको मृत्यु ५. बुटवलमा पैसा बाँडेको आरोपमा एमाले र रास्वपाका कार्यकर्ताबिच झडप ६. कर्मचारीमाथि हातपात गर्न खोजेपछि दोलखामा हवाई फायर ७. चुनावमा खटिएका १२ जना सुरक्षाकर्मी र दुई मतदान अधिकृतको मृत्यु ८. राष्ट्रिय सुरक्षा परिषद्को बैठकले के गर्‍याे निर्णय ? छुटाउनुभयो कि ? निर्वाचन बहिष्कार गर्दै आन्दोलनको घोषणा प्रतिनिधि सभा उम्मेदवारले नै पार्टी छाडेपछि... प्रतिनिधि सभा उम्मेदवार पौडेलले फिर्ता लिए उम्मेदवारी रास्वपा र एमालेका कार्यकर्ताबिच झडप, २ जना घाइते धादिङमा बस दुर्घटना: १७ जनाको मृत्यु, २४ घाइते गौर झडप : ३ गाडी र दुई मोटरसाइकलमा आगजनी धादिङ बस दुर्घटनाः मृत्यु भएका १९ मध्ये ९ जनाको सनाखत (नामावलीसहित) बालेनलाई कारबाहीसहित नागरिकता रद्दको माग गर्दै गृह मन्त्रालयमा उजुरी",4.5,2026-03-05T14:53:25.674157
3,kathmandu,काठमाडौं,Kulman Ghising,कुलमान घिसिङ्,DDG (ne1),"कुलमान घिसिङ, काठमाडौं - ३, उज्यालो नेपाल पार्टी, Nepal Election 2082",https://election.onlinekhabar.com/central-candidate/kulman-ghising,"काठमाडौं- ३उम्मेदवारकुलमानघिसिङ उज्यालो नेपाल पार्टी पुरुष , ५५ वर्ष, उम्मेदवारी : प्रतिनिधिसभा","काठमाडौं- ३उम्मेदवारकुलमानघिसिङ उज्यालो नेपाल पार्टी पुरुष , ५५ वर्ष, उम्मेदवारी : प्रतिनिधिसभा",3.9,2026-03-05T14:53:25.674159
3,kathmandu,काठमाडौं,Kulman Ghising,कुलमान घिसिङ्,DDG (ne1),काठमाडौं-३ मा कुलमान घिसिङको उम्मेदवारी दर्ता - GlobalNagarik,https://globalnagarik.com/2026/01/20/74212/kulman-ghising-files-candidacy-for-kathmandu-3/,काठमाडौं। उज्यालो नेपाल पार्टीका अध्यक्षकुलमानघिसिङले प्रतिनिधिसभा निर्वाचनका लागि काठमाडौं-३ बाट उम्मेदवारी दर्ता गरेका ...,काठमाडौं। उज्यालो नेपाल पार्टीका अध्यक्षकुलमानघिसिङले प्रतिनिधिसभा निर्वाचनका लागि काठमाडौं-३ बाट उम्मेदवारी दर्ता गरेका ...,3.9,2026-03-05T14:53:25.674160
3,kathmandu,काठमाडौं,Kulman Ghising,कुलमान घिसिङ्,DDG (ne1),कुलमान घिसिङ - नेपाल निर्वाचन २०८२ - प्रतिनिधिसभाको निर्वाचन विवरण तथा ...,https://election.ekantipur.com/profile/1402,"कुलमानघिसिङकोनिर्वाचनप्रोफाइल, उमेर ५५ वर्ष, पार्टी,निर्वाचनक्षेत्र काठमाडौं-३, शिक्षा, अनुभव रनिर्वाचन२०८२ को नतिजा।","कुलमानघिसिङकोनिर्वाचनप्रोफाइल, उमेर ५५ वर्ष, पार्टी,निर्वाचनक्षेत्र काठमाडौं-३, शिक्षा, अनुभव रनिर्वाचन२०८२ को नतिजा।",3.9,2026-03-05T14:53:25.674161
3,kathmandu,काठमाडौं,Kulman Ghising,कुलमान घिसिङ्,Reddit/r/Nepal,[r/Nepal] My Case FOR Bibeksheel Sajha Party,https://www.reddit.com/r/Nepal/comments/np3zql/my_case_for_bibeksheel_sajha_party/,↑21  💬35,"The frustrations for the current government are evident everywhere. But these emotional rants won't have much impact. We can either ignore the problems and say, ""Oh, I don't care. I'm too cool for politics."", accept it and say, ""Everyone is the same. We are fucked. This country is going nowhere."" or actually try to change it and ask ourselves,"" What are the problems? And What needs to be done to change it."" And for me, the biggest problem in our political system is the way the traditional political parties function.

* **Biggest Problem in the Current Political System**

The traditional political parties have politicized every single sector of our society. We have these ""Sister Organizations"" ( **भातृ संगठन** ) for Students, government workers, judges, professors, doctors, businessmen, engineers and the list goes on and on. If you've studied in colleges with these political student unions you'd be very familiar about what they're actually there to do. Government officials who are associated with trade unions don't feel the need to show up to work, they are not scared of their bosses but rather it's the other way around and they still get promoted regularly.  Professors, Deans, HoDs are not appointed based on merit, but rather their political affiliations. And the judiciary being influenced by political parties is catastrophic on so many levels.

Now, to be appointed head of these political parties you have to shake hands and cut deals with each of these sister organizations and promise they'll get their share when you get in power. So, even if your intentions are pure, for you to get into a position of power you'll have to be corrupt. These parties are institutionally flawed. And these parties won't shut these organizations down by themselves. It's their ""Voter Bank"". The guys who give them votes for masu bhat.

Bibeksheel Sajha is the only party that has publicly rejected these organizations. They haven't opened any such organizations of their own. Keep in mind that for a party just starting out it would have been a great way to build a ""voter bank"" of their own. But they realized that it's wrong. Furthermore, They have even claimed that they'll pass laws to ban such organizations when they get in power.

&amp;#x200B;

* **Bibeksheel Sajha has a concrete political agenda**

A common criticism of Bibeksheel Sajha is that they don't have any political agenda. They are an ""NGO Party"". The people who say that believe a political agenda means being possessed by a radical ideology like communism.

The political agendas of the 21st Century are not capitalism or communism. They are where you stand on important issues. What are your priorities? Where should the government invest? What policies should be adopted?

In that regard, it is the traditional political parties that lack a proper political agenda. If you look at their ghosana patra, it is everywhere. They promise everything but do nothing.

Bibeksheel Sajha, on the other hand, have clearly prioritized their agenda. The focus of their government will be on improving the quality of education and healthcare in this country and good governance by policies like rejecting sister organizations and a merit based system. By not promising everything, it will be easier to do something.

&amp;#x200B;

* **They are untested**

Another criticism is that they are not tested yet. We don't know what they'll be like when they get in power. This is a valid concern. However, most of the members of this party have had a professional career before. You can look at what they did before and have a rough idea about their competence and character. And, I'd even argue that it is better to support untested but promising leaders rather than tested and failed leaders.

&amp;#x200B;

That being said, there are still many shortcomings of this party. The recent 2 party heads system they adopted to join the parties is concerning. It is definitely possible to be a better party than what they are at the moment. I'm not a blind party bhakta, I have tried to look at the current political scenario as objectively as possible and if tomorrow some Rabi Lamichanne, Sanduk Ruit, Kulman Ghising super alliance emerges I'll be all for it. But at the moment, I don't see a better party than Bibeksheel Sajha in Nepal.

AAP in India was a product of the frustration and grievance of Indians and look how they have transformed Delhi after coming into power. Bibeksheel could be like AAP in Nepal, but we Nepalese, including the youngsters, are too stupid and gullible to vote for a party like Bibeksheel. We have fucked up this country and I don't see any changes happening soon as long as these fucking boomers are ruling over us.
---
Bibeksheel sajha party indeed has concrete political agenda. They are not well researched or is a  detailed blueprint as we would like to see, as that produced by young techocrats in western countries. But they incorporate many grievance and their solutions regarding  public dissatisfa",3.6,2026-03-05T14:53:25.674167
3,kathmandu,काठमाडौं,Kulman Ghising,कुलमान घिसिङ्,DDG (ne1),काठमाडौं-३ का उम्मेदवार कुलमान घिसिङले खसाले भाेट,https://www.arthapath.com/political-economy/2026/03/05/201028/,काठमाडौं। उज्यालो नेपाल पार्टीका अध्यक्षकुलमानघिसिङले प्रतिनिधि सभानिर्वाचन२०८२ का लागि आफ्नो मताधिकार प्रयोग गरेका छन्। उनले आज बिहान ७ बजे नै ...,काठमाडौं। उज्यालो नेपाल पार्टीका अध्यक्षकुलमानघिसिङले प्रतिनिधि सभानिर्वाचन२०८२ का लागि आफ्नो मताधिकार प्रयोग गरेका छन्। उनले आज बिहान ७ बजे नै ...,3.3,2026-03-05T14:53:25.674168
3,kathmandu,काठमाडौं,Kulman Ghising,कुलमान घिसिङ्,Nepali Times,Who is accountable for teacher-student relationships?,https://www.nepalitimes.com/here-now/who-is-accountable-for-teacher-student-relationships,,"Who is accountable for teacher-student relationships? “I was groomed, then I was sued for defamation,” says university alumna about a faculty member 26 February 2026 Subeksha Poudel 0 As a new student at Kathmandu University's Bachelor’s in Fine Arts in 2014, Mukta, 25 then, thought she must be doing something good when her teacher singled her out for attention. Her teacher was Sujan Chitrakar, then 40, the senior-most faculty, and a celebrated artist. Chitrakar has taught many contemporary Nepali artists and played an important role in establishing what is now KU’s Department of Art and Design (pictured). In between messages to Mukta about schoolwork, he texted to say he missed her or that she looked beautiful. She recalls being taken aback by a particular text that said: ‘I’m going for a bath. Do you want to see me?’ This was immediately followed with a cartoonish drawing with ‘Nude’ written next to it. Mukta awkwardly replied with a laugh, unsure how else to respond to such a message from her teacher, whom everyone placed on a pedestal. During Mukta’s first year in school, she says Chitrakar continued to shower her with gifts, asked her out for coffee, and insisted on driving her around. Once, when she was on his motorcycle returning home from university, Mukta remembers Chitrakar asking her to kiss him on his shoulder. When she refused, he apologised profusely, then asked if she was trying to seduce him. Seeing how shocked Mukta was, the teacher grabbed her hand and rubbed it against his chest, saying it was just a joke. A few weeks later, Chitrakar told Mukta that he couldn’t live without her and that they should be in a relationship. Having only looked up to him as a teacher, Mukta was uncertain about her feelings. When the earthquake struck in 2015, Chitrakar came to check on Mukta, and with her guards down, she felt perhaps his love was genuine. She didn’t doubt if she was safe with him. A decade later, still reeling from psychological trauma and career setbacks because of the relationship, Mukta is breaking her silence, accusing Chitrakar of abusing his power and grooming her. He had the duty of teaching and evaluating her, instead, Mukta says he used her for sex and emotional support from 2015 to 2019, while she was a student at KU. DEFAMATION SUIT She has been urging KU and art institutions to safeguard its students against sexual misconduct, but Chitrakar slammed a defamation lawsuit against her in January 2025 stating she damaged his reputation over what he described in court filings as a ""consensual relationship”. Earlier this week, the Kathmandu District court ruled that Chitrakar’s defamation claim could not be proven. We asked Chitrakar after the verdict about his conduct. His reply: “I’m sorry for the students who felt uncomfortable, but I did my duty well and good. It is ungrateful of the students to say that. Not everyone has to like me.” In answer to a query about his stance on intimate relationship between staff and student, he said: “For me it is a big no to date a student. Consequences arise and I am facing them now. Many staff-student intimate relations, including in my department, have ended in happy marriages. It’s a choice based on their personal and social ethics, and something to be determined by university policy.” Chitrakar said he now draws personal and professional boundaries with students, and says his relationship was not planned. He added, “Regardless of being a teacher I should not have dated a student because I'm a married man. If I was unmarried it would have been ok. While there is no definitive data on sexual misconduct in Nepal, interviews with more than 23 faculty and students from KU and TU for this story reveal that intimate staff-student relations are normalised, and in some cases even encouraged. Studies also suggest that sexual harassment is rampant in higher education in Nepal. The lack of university policies, power imbalance between staff and students, fear of retaliation, breaches of confidentiality, and the protection of perpetrators all contribute to impunity for sexual misconduct. Indeed, after students alleged sexual harassment, bullying, and homophobia against Yubaraj Sangroula of Kathmandu School of Law, and other faculty members in March 2025, the university filed slander lawsuits targeting a student whistleblower and alumni. Sangroula is contesting as an independent candidate in next week’s election from Jhapa-2. Seven years after complaints surfaced against retired lecturer Krishna Bhattachan for sexually harassing women students , Tribhuvan University, the government run institution, is still drafting its own policy and complaint procedure. And noted sculptor and former KU faculty member Gopal Kalapremi is yet to appear at Kathmandu District Court, after he was issued a summon on sexual harassment charges in 2024. Nepal’s Sexual Harassment at Workplace (Prevention) Act (2014) and the National Criminal (Code) Act, 2017 both forbid sexual relations",3.0,2026-03-05T14:53:25.674171
3,kathmandu,काठमाडौं,Kulman Ghising,कुलमान घिसिङ्,Reddit/r/Nepal,[r/Nepal] Will Balen Have to Resign as Mayor of KMC to Run in the Falgun Election?,https://www.reddit.com/r/Nepal/comments/1pvuwem/will_balen_have_to_resign_as_mayor_of_kmc_to_run/,↑4  💬2,"Now that Balen has clearly made up his mind and has publicly stated that he has entered politics, does this mean he will have to resign from his position as mayor?

From what I’ve read, he has laid out a plan where, if things work out, he will move forward with RSP and Kulman Ghising’s Ujyalo Nepal Party. If not, he plans to contest on his own through Desh Bikash Party.

So my main question is: in order to contest the election, will Balen have to resign from the mayoral position or not? I’m asking because I also read that Kulman said he would run for the election without resigning from his current ministerial position. If that’s true, how does this actually work legally?

If anyone here has proper knowledge of election law or past precedents, please explain.

Chunab ma Ummedwari dida kunai pani sarkari post ma baseko hunuhudaina, kunai pani sarkari sewa lirako hunu hudaina. 79 ma nicholas bhusal ko Ummedwari yei bhayera kharej bhako ho.

Kulman le ummedwari dinu agadi mantri chodchu vanyacha, balen le ni tei garcha.
---
Yes, he has to resign.",2.7,2026-03-05T14:53:25.674172
3,kathmandu,काठमाडौं,Kulman Ghising,कुलमान घिसिङ्,Nepali Times,West Asia war and Nepalis,https://www.nepalitimes.com/news/west-asia-war-and-nepalis,,"West Asia war and Nepalis Two million Nepalis live and work in the Gulf region that is the mainstay of country’s economy through remittances 28 February 2026 Nepali Times 0 Passengers at Kathmandu airport waiting for flights on Saturday evening. On Saturday, Iran retaliated with missile strikes on Abu Dhabi, Dubai, Bahrain and Qatar, a region where there are an estimated 2 million Nepalis working to send money home. In addition, thousands of Nepalis were preparing to board flights to Kathmandu from West Asian cities this weekend to vote in the 5 March election. Many are said to be stranded at various aviation hubs. A Qatar Airways flight from Doha took off just before the air space was closed, while Air Arabia and Kuwait Airways have diverted or cancelled flights. Nepalis in the West Asian region said things were relatively calm where they were, although some heard loud explosions at about noon local time. In Dubai, some thought they were Ramadan fireworks. In Kuwait, nearly 2,000 Nepalis working in the US military base as security guards and cleaners were evacuated before the strikes. In Bahrain where the US Fifth Fleet naval base is located and which was hit by two Iranian missiles, workers contacted by Nepali Times said the situation was under control and the authorities had told everyone to stay indoors and not use highways. The conflict also coincided with the beginning of Nepal’s trekking and mountaineering season, and tourists were either on their way or planning to leave European and North American cities for Himalayan hikes. Most of them transit through Doha, Dubai or Kuwait and all three airports are closed. Turkish Airlines flights via Istanbul are still operating. Qatar and UAE airspace closed. Credit: Flightradar24 However, the main impact for the world could be a spike in the price of petroleum products if the strategic Strait of Hormuz is blocked. China relies on Iranian oil for their refineries, and Nepal could be affected indirectly if the economies of its neighbours are hit. Nepal imports all its diesel, petrol, LPG and aviation fuel from India which sources it mainly from the Gulf, and until recently from Russia. Petroleum makes up 25% of the value of all imports, and that is more than Nepal earns from all its exports. Saudi Arabia this year overtook the UAE as the main destination for Nepali workers, with the number now totalling 400,000. There are said to be as many in the UAE, and another 350,000 in Qatar. There are another 100,000 mostly women in Kuwait, and 50,000 each in Oman and Bahrain. Iran retaliated with missile strikes on Abu Dhabi, Dubai, Bahrain and Qatar on Saturday. Nepal receives nearly $11 billion a year in remittances from overseas Nepalis (not counting India) through official channels, although the total is said to be much more.  This makes up more than a quarter of Nepal’s GDP equivalent — one of the highest proportions in the world. More than half of the overseas remittances to Nepal comes from its workers in the Gulf, and it is the mainstay of the country’s economy. Nepalis in Saudi Arabia, Qatar and the UAE alone send home more than $3 billion a year, much of that helping support their families back home. An average Nepali worker in the Gulf sends home nearly $2,500 a year, and this is spent mainly for household supplies, children’s education and healthcare. There are also an estimated 7,000 Nepali caregivers and healthcare workers in Israel, and most of them are women. The Nepal Embassy has asked Nepalis in Israel to take caution and move to bomb shelters. Tags overseas Nepalis West Asia conflict Gulf countries",2.7,2026-03-05T14:53:25.674173
3,kathmandu,काठमाडौं,Kulman Ghising,कुलमान घिसिङ्,Nepali Times,International commentary on Nepal election,https://www.nepalitimes.com/news/international-commentary-on-nepal-election,,"International commentary on Nepal election Selection of readings from the foreign press about Nepal election 03 March 2026 0 The BBC documentary Shot Like Enemies: Inside Nepal’s GenZ Uprising set off a frenzied debate in the public sphere, highlighting how sensitive international coverage of the country still is for Nepalis despite the national media doing its job. The investigative report focussed on the massacre outside Parliament on 8 September that led to the collapse of the government and paved the way for the election on Thursday. There was praise from supporters of the film and scathing criticism. Raw clips and leaked conversations showed how deliberately the protesters were shot in cold blood. Others saw a sinister conspiracy behind the release of what they regarded as a one-sided documentary just a week before the election. News in the foreign media of the election from Nepal was eclipsed this week by the war in West Asia. Nepali Times brings this selection of readings from the international press. For the complete articles go online or type in the links. Read the full story here. Read the full story here. Read the full story here. Read the full story here. Read the full story here. Read the full story here. Tags Al Jazeera BBC Nepal elections Balen Shah RSP Gen Z protests Scroll In THe Hindu Atlantic Council",2.7,2026-03-05T14:53:25.674175
3,kathmandu,काठमाडौं,Kulman Ghising,कुलमान घिसिङ्,DDG (ne2),कुलमान काठमाडौं-३ बाट उम्मेदवार | Nepal Khabar,https://www.nepalkhabar.com/politics/263306-2026-1-20-14-53-31,उज्यालो नेपाल पार्टीका अध्यक्षकुलमानघिसिङलेकाठमाडौंनिर्वाचनक्षेत्र नं ३ बाट उम्मेदवारी दर्ता गराएका छन्।,उज्यालो नेपाल पार्टीका अध्यक्षकुलमानघिसिङलेकाठमाडौंनिर्वाचनक्षेत्र नं ३ बाट उम्मेदवारी दर्ता गराएका छन्।,2.4,2026-03-05T14:53:25.674176
3,kathmandu,काठमाडौं,Kulman Ghising,कुलमान घिसिङ्,Reddit/r/NepalSocial,[r/NepalSocial] Nepal Army reached out after seeing my election intelligence dashboard. Here it is.,https://www.reddit.com/r/NepalSocial/comments/1rl99yv/nepal_army_reached_out_after_seeing_my_election/,↑34  💬16,"On-demand fact-checking, situational map, provincial and national summaries, and developing stories all in one place.

Thanks for making a submission. Please use an appropriate flair for better reach and response. In case of a NSFW post, tag it as NSFW and use ""sax sux” flair if it applies. Otherwise, the post will be removed.

*I am a bot, and this action was performed automatically. Please [contact the moderators of this subreddit](/message/compose/?to=/r/NepalSocial) if you have any questions or concerns.*
---
[link](https://nepalosint.com)
---
that's cool
---
This is OG
---
Boy oh boy
---
![gif](giphy|aWPGuTlDqq2yc)
---
Noiceeee what did they say and how did they approach you?
---
This is quality. No wonder they did. It's really well made",2.1,2026-03-05T14:53:25.674177
3,kathmandu,काठमाडौं,Kulman Ghising,कुलमान घिसिङ्,DDG (ne1),कुलमान घिसिङ काठमाडौं- ३ बाट उम्मेदवार,https://www.dainiknepal.com/2026/01/797313.html,काठमाडौं। उज्यालो नेपाल पार्टीका अध्यक्षकुलमानघिसिङकाठमाडौंनिर्वाचनक्षेत्र नम्बर ३ बाटउम्मेदवारबन्ने भएका छन् ।निर्वाचनलड्न मन्त्रीबाट ...,काठमाडौं। उज्यालो नेपाल पार्टीका अध्यक्षकुलमानघिसिङकाठमाडौंनिर्वाचनक्षेत्र नम्बर ३ बाटउम्मेदवारबन्ने भएका छन् ।निर्वाचनलड्न मन्त्रीबाट ...,1.8,2026-03-05T14:53:25.674178
